model,split,n_rows,MAE,RMSE,MedianAE,MdAPE_pct,skill_vs_persistence
persistence,val,612,6.756923202614383,24.93017881622242,1.1339999999999986,4.177552580728242,0.0
linear_trend,val,612,7.281436928104579,33.25101740534256,1.1032999999999982,3.991441199617414,-0.07762611913174511
ridge_level,val,612,7.291692120882306,25.377549276930413,2.035162237248551,6.59956200541873,-0.07914385027507964
ridge_delta,val,612,7.2672467941255094,25.050726544538964,2.054995781855073,6.613956335365046,-0.07552603103638544
hgb_level,val,612,18.856089994391983,142.70581225942206,1.2870129079420565,5.021450869346139,-1.7906325747636442
hgb_delta,val,612,6.873553111565943,26.03275909494153,1.2144936809900297,4.526685935925652,-0.01726080132247687
