model,split,n_rows,MAE,RMSE,MedianAE,MdAPE_pct,skill_vs_persistence
persistence,val,612,6.756923202614383,24.93017881622242,1.1339999999999986,4.177552580728242,0.0
linear_trend,val,612,7.281436928104579,33.25101740534256,1.1032999999999982,3.991441199617414,-0.07762611913174511
